phecode1.2_code	phecode1.2_label	phecode1.2_simpleLabel	phecode1.2_category	hpo_code	hpo_label	hpo_simpleLabel	hpo_original
038.3	Bacteremia	bacteremia	infectious diseases	HP_0031864	Bacteremia	bacteremia	True
041	Bacterial infection NOS	bacterial infection	infectious diseases	HP_0100658	Bacterial infection of skin	bacterial infection of skin	False
070	Viral hepatitis	viral hepatitis	infectious diseases	HP_0006562	Viral hepatitis	viral hepatitis	True
070.4	Chronic hepatitis	chronic hepatitis	infectious diseases	HP_0200120	Chronic active hepatitis	chronic active hepatitis	True
070.4	Chronic hepatitis	chronic hepatitis	infectious diseases	HP_0200123	Chronic hepatitis	chronic hepatitis	True
070.9	Hepatitis NOS	hepatitis	infectious diseases	HP_0012115	Hepatitis	hepatitis	True
079	Viral infection	viral infection	infectious diseases	HP_0031691	Severe viral infection	severe viral infection	True
079.2	Infectious mononucleosis	infectious mononucleosis	infectious diseases	HP_0031693	Fulminant infectious mononucleosis	fulminant infectious mononucleosis	False
079.9	Viremia, NOS	viremia	infectious diseases	HP_0020071	Viremia	viremia	True
1003	Sudden death	sudden death		HP_0001699	Sudden death	sudden death	True
110.1	Dermatophytosis	dermatophytosis	infectious diseases	HP_0032515	Deep dermatophytosis	deep dermatophytosis	True
1100	Family history	family history		HP_0032316	Family history	family history	True
117.1	Histoplasmosis	histoplasmosis	infectious diseases	HP_0032256	Histoplasmosis	histoplasmosis	True
117.2	Coccidioidomycosis	coccidioidomycosis	infectious diseases	HP_0032249	Coccidioidomycosis	coccidioidomycosis	True
131	Protozoan infection	protozoan infection	infectious diseases	HP_0020104	Unusual protozoan infection	unusual protozoan infection	True
149.4	Cancer of larynx	cancer of larynx	neoplasms	HP_0012118	Cancer of the larynx	cancer of the larynx	False
153.2	Colon cancer	colon cancer	neoplasms	HP_0003003	Colon cancer	colon cancer	True
170.1	Bone cancer	bone cancer	neoplasms	HP_0002669	Bone cell cancer	bone cell cancer	False
170.2	Cancer of connective tissue	cancer of connective tissue	neoplasms	HP_0100242	Cancer of connective tissue	cancer of connective tissue	False
172.21	Basal cell carcinoma	basal cell carcinoma	neoplasms	HP_0002671	Basal cell carcinoma	basal cell carcinoma	True
172.22	Squamous cell carcinoma	squamous cell carcinoma	neoplasms	HP_0002860	Squamous cell carcinoma	squamous cell carcinoma	True
172.22	Squamous cell carcinoma	squamous cell carcinoma	neoplasms	HP_0012142	Pancreatic squamous cell carcinoma	pancreatic squamous cell carcinoma	True
172.22	Squamous cell carcinoma	squamous cell carcinoma	neoplasms	HP_0030359	Squamous cell lung carcinoma	squamous cell lung carcinoma	True
172.22	Squamous cell carcinoma	squamous cell carcinoma	neoplasms	HP_0030417	Vulval squamous cell carcinoma	vulval squamous cell carcinoma	False
172.22	Squamous cell carcinoma	squamous cell carcinoma	neoplasms	HP_0030438	Anal canal squamous cell carcinoma	anal canal squamous cell carcinoma	True
174	Breast cancer	breast cancer	neoplasms	HP_0003002	Breast cancer	breast cancer	False
199.4	Neurofibromatosis	neurofibromatosis	neoplasms	HP_0001067	Neurofibromatosis	neurofibromatosis	False
204	Leukemia	leukemia	neoplasms	HP_0001909	Leukemia	leukemia	True
204	Leukemia	leukemia	neoplasms	HP_0001909	Leukaemia	leukemia	False
204.1	Lymphoid leukemia	lymphoid leukemia	neoplasms	HP_0006721	Acute lymphoid leukaemia	acute lymphoid leukemia	False
204.1	Lymphoid leukemia	lymphoid leukemia	neoplasms	HP_0006721	Acute lymphoid leukemia	acute lymphoid leukemia	False
204.1	Lymphoid leukemia	lymphoid leukemia	neoplasms	HP_0005526	Lymphoid leukemia	lymphoid leukemia	True
204.1	Lymphoid leukemia	lymphoid leukemia	neoplasms	HP_0005526	Lymphoid leukaemia	lymphoid leukemia	False
204.11	Lymphoid leukemia, acute	lymphoid leukemia acute	neoplasms	HP_0006721	Acute lymphoid leukaemia	acute lymphoid leukemia	False
204.11	Lymphoid leukemia, acute	lymphoid leukemia acute	neoplasms	HP_0006721	Acute lymphoid leukemia	acute lymphoid leukemia	False
204.2	Myeloid leukemia	myeloid leukemia	neoplasms	HP_0004808	Acute myeloid leukemia	acute myeloid leukemia	True
204.2	Myeloid leukemia	myeloid leukemia	neoplasms	HP_0004808	Acute myeloid leukaemia	acute myeloid leukemia	False
204.2	Myeloid leukemia	myeloid leukemia	neoplasms	HP_0012324	Myeloid leukemia	myeloid leukemia	True
204.2	Myeloid leukemia	myeloid leukemia	neoplasms	HP_0012324	Myeloid leukaemia	myeloid leukemia	False
204.21	Myeloid leukemia, acute	myeloid leukemia acute	neoplasms	HP_0004808	Acute myeloid leukemia	acute myeloid leukemia	True
204.21	Myeloid leukemia, acute	myeloid leukemia acute	neoplasms	HP_0004808	Acute myeloid leukaemia	acute myeloid leukemia	False
204.22	Myeloid leukemia, chronic	myeloid leukemia chronic	neoplasms	HP_0005506	Chronic myeloid leukaemia	chronic myeloid leukemia	False
204.22	Myeloid leukemia, chronic	myeloid leukemia chronic	neoplasms	HP_0005506	Chronic myeloid leukemia	chronic myeloid leukemia	False
204.3	Monocytic leukemia	monocytic leukemia	neoplasms	HP_0004845	Acute monocytic leukemia	acute monocytic leukemia	True
204.3	Monocytic leukemia	monocytic leukemia	neoplasms	HP_0004845	Acute monocytic leukaemia	acute monocytic leukemia	False
204.4	Multiple myeloma	multiple myeloma	neoplasms	HP_0006775	Multiple myeloma	multiple myeloma	True
214	Lipoma	lipoma	neoplasms	HP_0012032	Lipoma	lipoma	True
218.1	Uterine leiomyoma	uterine leiomyoma	neoplasms	HP_0000131	Uterine leiomyoma	uterine leiomyoma	True
230	Kaposi's sarcoma	kaposis sarcoma	neoplasms	HP_0100726	Kaposi's sarcoma	kaposis sarcoma	True
242.1	Graves' disease	graves disease	endocrine/metabolic	HP_0100647	Graves disease	graves disease	True
242.3	Exophthalmos	exophthalmos	endocrine/metabolic	HP_0000520	Exophthalmos	exophthalmos	False
244	Hypothyroidism	hypothyroidism	endocrine/metabolic	HP_0000821	Hypothyroidism	hypothyroidism	True
244	Hypothyroidism	hypothyroidism	endocrine/metabolic	HP_0008223	Mild hypothyroidism	mild hypothyroidism	False
244.1	Secondary hypothyroidism	secondary hypothyroidism	endocrine/metabolic	HP_0008245	Secondary hypothyroidism	secondary hypothyroidism	False
244.4	Hypothyroidism NOS	hypothyroidism	endocrine/metabolic	HP_0000821	Hypothyroidism	hypothyroidism	True
244.4	Hypothyroidism NOS	hypothyroidism	endocrine/metabolic	HP_0008223	Mild hypothyroidism	mild hypothyroidism	False
244.5	Congenital hypothyroidism	congenital hypothyroidism	endocrine/metabolic	HP_0000851	Congenital hypothyroidism	congenital hypothyroidism	True
244.5	Congenital hypothyroidism	congenital hypothyroidism	endocrine/metabolic	HP_0000851	Hypothyroidism, congenital	hypothyroidism congenital	False
245	Thyroiditis	thyroiditis	endocrine/metabolic	HP_0100646	Thyroiditis	thyroiditis	True
245.21	Chronic lymphocytic thyroiditis	chronic lymphocytic thyroiditis	endocrine/metabolic	HP_0000872	Chronic lymphocytic thyroiditis	chronic lymphocytic thyroiditis	False
250	Diabetes mellitus	diabetes mellitus	endocrine/metabolic	HP_0000819	Diabetes mellitus	diabetes mellitus	True
250	Diabetes mellitus	diabetes mellitus	endocrine/metabolic	HP_0005978	Type II diabetes mellitus	type ii diabetes mellitus	True
250	Diabetes mellitus	diabetes mellitus	endocrine/metabolic	HP_0005978	Diabetes mellitus Type II	diabetes mellitus type ii	False
250	Diabetes mellitus	diabetes mellitus	endocrine/metabolic	HP_0005978	NIDDM diabetes mellitus	niddm diabetes mellitus	False
250	Diabetes mellitus	diabetes mellitus	endocrine/metabolic	HP_0100651	Type I diabetes mellitus	type i diabetes mellitus	True
250	Diabetes mellitus	diabetes mellitus	endocrine/metabolic	HP_0100651	Diabetes mellitus Type I	diabetes mellitus type i	False
250.1	Type 1 diabetes	type 1 diabetes	endocrine/metabolic	HP_0100651	Type 1 diabetes	type 1 diabetes	False
250.2	Type 2 diabetes	type 2 diabetes	endocrine/metabolic	HP_0005978	Type 2 diabetes	type 2 diabetes	False
250.41	Impaired fasting glucose	impaired fasting glucose	endocrine/metabolic	HP_0025691	Impaired fasting glucose	impaired fasting glucose	True
251.1	Hypoglycemia	hypoglycemia	endocrine/metabolic	HP_0001943	Hypoglycemia	hypoglycemia	True
252.1	Hyperparathyroidism	hyperparathyroidism	endocrine/metabolic	HP_0000843	Hyperparathyroidism	hyperparathyroidism	True
252.1	Hyperparathyroidism	hyperparathyroidism	endocrine/metabolic	HP_0008200	Primary hyperparathyroidism	primary hyperparathyroidism	True
252.1	Hyperparathyroidism	hyperparathyroidism	endocrine/metabolic	HP_0011770	Tertiary hyperparathyroidism	tertiary hyperparathyroidism	True
252.2	Hypoparathyroidism	hypoparathyroidism	endocrine/metabolic	HP_0000829	Hypoparathyroidism	hypoparathyroidism	True
253.3	Diabetes insipidus	diabetes insipidus	endocrine/metabolic	HP_0000863	Central diabetes insipidus	central diabetes insipidus	True
253.3	Diabetes insipidus	diabetes insipidus	endocrine/metabolic	HP_0000873	Diabetes insipidus	diabetes insipidus	True
253.5	Pituitary dwarfism	pituitary dwarfism	endocrine/metabolic	HP_0000839	Pituitary dwarfism	pituitary dwarfism	True
255.12	Hyperaldosteronism	hyperaldosteronism	endocrine/metabolic	HP_0000859	Hyperaldosteronism	hyperaldosteronism	True
255.12	Hyperaldosteronism	hyperaldosteronism	endocrine/metabolic	HP_0011736	Primary hyperaldosteronism	primary hyperaldosteronism	True
256.4	Polycystic ovaries	polycystic ovaries	endocrine/metabolic	HP_0000147	Polycystic ovaries	polycystic ovaries	True
260.1	Cachexia	cachexia	endocrine/metabolic	HP_0004326	Cachexia	cachexia	True
260.6	Anorexia	anorexia	endocrine/metabolic	HP_0002039	Anorexia	anorexia	True
260.7	Polyphagia	polyphagia	endocrine/metabolic	HP_0002591	Polyphagia	polyphagia	True
261	Vitamin deficiency	vitamin deficiency	endocrine/metabolic	HP_0004905	Vitamin A deficiency	vitamin a deficiency	False
261	Vitamin deficiency	vitamin deficiency	endocrine/metabolic	HP_0008326	Vitamin B6 deficiency	vitamin b6 deficiency	False
261	Vitamin deficiency	vitamin deficiency	endocrine/metabolic	HP_0100497	Vitamin B3 deficiency	vitamin b3 deficiency	True
261	Vitamin deficiency	vitamin deficiency	endocrine/metabolic	HP_0100502	Vitamin B12 deficiency	vitamin b12 deficiency	True
261	Vitamin deficiency	vitamin deficiency	endocrine/metabolic	HP_0100503	Vitamin B1 deficiency	vitamin b1 deficiency	False
261	Vitamin deficiency	vitamin deficiency	endocrine/metabolic	HP_0100504	Vitamin B2 deficiency	vitamin b2 deficiency	False
261	Vitamin deficiency	vitamin deficiency	endocrine/metabolic	HP_0100505	Vitamin B5 deficiency	vitamin b5 deficiency	False
261	Vitamin deficiency	vitamin deficiency	endocrine/metabolic	HP_0100506	Vitamin B8 deficiency	vitamin b8 deficiency	False
261	Vitamin deficiency	vitamin deficiency	endocrine/metabolic	HP_0100507	Vitamin B9 deficiency	vitamin b9 deficiency	False
261	Vitamin deficiency	vitamin deficiency	endocrine/metabolic	HP_0100510	Vitamin C deficiency	vitamin c deficiency	False
261	Vitamin deficiency	vitamin deficiency	endocrine/metabolic	HP_0100512	Vitamin D deficiency	vitamin d deficiency	False
261	Vitamin deficiency	vitamin deficiency	endocrine/metabolic	HP_0100513	Vitamin E deficiency	vitamin e deficiency	False
261.1	Vitamin A deficiency	vitamin a deficiency	endocrine/metabolic	HP_0004905	Vitamin A deficiency	vitamin a deficiency	False
261.4	Vitamin D deficiency	vitamin d deficiency	endocrine/metabolic	HP_0100512	Vitamin D deficiency	vitamin d deficiency	False
264.1	Short stature	short stature	endocrine/metabolic	HP_0004322	Short stature	short stature	True
264.1	Short stature	short stature	endocrine/metabolic	HP_0003502	Mild short stature	mild short stature	True
264.1	Short stature	short stature	endocrine/metabolic	HP_0003502	short stature, mild	short stature mild	False
264.3	Delayed milestones	delayed milestones	endocrine/metabolic	HP_0001263	Delayed milestones	delayed milestones	False
264.3	Delayed milestones	delayed milestones	endocrine/metabolic	HP_0001270	Delayed motor milestones	delayed motor milestones	False
269	Proteinuria	proteinuria	endocrine/metabolic	HP_0000093	Proteinuria	proteinuria	True
269	Proteinuria	proteinuria	endocrine/metabolic	HP_0012595	Mild proteinuria	mild proteinuria	True
270.32	Paraproteinemia	paraproteinemia	endocrine/metabolic	HP_0031047	Paraproteinemia	paraproteinemia	True
270.33	Amyloidosis	amyloidosis	endocrine/metabolic	HP_0011034	Amyloidosis	amyloidosis	True
270.33	Amyloidosis	amyloidosis	endocrine/metabolic	HP_4000041	AA amyloidosis	aa amyloidosis	True
272.1	Hyperlipidemia	hyperlipidemia	endocrine/metabolic	HP_0003077	Hyperlipidemia	hyperlipidemia	True
272.11	Hypercholesterolemia	hypercholesterolemia	endocrine/metabolic	HP_0003124	Hypercholesterolemia	hypercholesterolemia	True
272.14	Hyperchylomicronemia	hyperchylomicronemia	endocrine/metabolic	HP_0012238	Hyperchylomicronemia	hyperchylomicronemia	False
274.1	Gout	gout	endocrine/metabolic	HP_0001997	Gout	gout	True
274.21	Chondrocalcinosis	chondrocalcinosis	endocrine/metabolic	HP_0000934	Chondrocalcinosis	chondrocalcinosis	True
275.51	Hypocalcemia	hypocalcemia	endocrine/metabolic	HP_0002901	Hypocalcemia	hypocalcemia	True
275.6	Hypercalcemia	hypercalcemia	endocrine/metabolic	HP_0003072	Hypercalcemia	hypercalcemia	True
276.1	Electrolyte imbalance	electrolyte imbalance	endocrine/metabolic	HP_0012591	Urinary electrolyte imbalance	urinary electrolyte imbalance	False
276.41	Acidosis	acidosis	endocrine/metabolic	HP_0001941	Acidosis	acidosis	True
276.42	Alkalosis	alkalosis	endocrine/metabolic	HP_0001948	Alkalosis	alkalosis	True
276.5	Hypovolemia	hypovolemia	endocrine/metabolic	HP_0011106	Hypovolemia	hypovolemia	True
276.8	Polydipsia	polydipsia	endocrine/metabolic	HP_0001959	Polydipsia	polydipsia	True
278.1	Obesity	obesity	endocrine/metabolic	HP_0001513	Obesity	obesity	True
281.1	Megaloblastic anemia	megaloblastic anemia	hematopoietic	HP_0001889	Megaloblastic anemia	megaloblastic anemia	True
281.1	Megaloblastic anemia	megaloblastic anemia	hematopoietic	HP_0001889	Megaloblastic anaemia	megaloblastic anemia	False
283.21	Hemolytic-uremic syndrome	hemolytic-uremic syndrome	hematopoietic	HP_0005575	Hemolytic-uremic syndrome	hemolytic-uremic syndrome	True
284	Aplastic anemia	aplastic anemia	hematopoietic	HP_0001915	Aplastic anemia	aplastic anemia	True
284	Aplastic anemia	aplastic anemia	hematopoietic	HP_0001915	Aplastic anaemia	aplastic anemia	False
284.1	Pancytopenia	pancytopenia	hematopoietic	HP_0001876	Pancytopenia	pancytopenia	True
285.3	Sideroblastic anemia	sideroblastic anemia	hematopoietic	HP_0001924	Sideroblastic anemia	sideroblastic anemia	True
285.3	Sideroblastic anemia	sideroblastic anemia	hematopoietic	HP_0001924	Sideroblastic anaemia	sideroblastic anemia	False
285.8	Hemoglobinuria	hemoglobinuria	hematopoietic	HP_0003641	Hemoglobinuria	hemoglobinuria	True
287.3	Thrombocytopenia	thrombocytopenia	hematopoietic	HP_0001873	Thrombocytopenia	thrombocytopenia	True
287.3	Thrombocytopenia	thrombocytopenia	hematopoietic	HP_0001973	Immune thrombocytopenia	immune thrombocytopenia	False
288.11	Neutropenia	neutropenia	hematopoietic	HP_0001875	Neutropenia	neutropenia	True
288.3	Eosinophilia	eosinophilia	hematopoietic	HP_0001880	Eosinophilia	eosinophilia	True
288.3	Eosinophilia	eosinophilia	hematopoietic	HP_0032064	GI eosinophilia	gi eosinophilia	False
289.1	Myelofibrosis	myelofibrosis	hematopoietic	HP_0011974	Myelofibrosis	myelofibrosis	True
289.4	Lymphadenitis	lymphadenitis	hematopoietic	HP_0002840	Lymphadenitis	lymphadenitis	True
289.9	Abnormality of red blood cells	abnormality of red blood cells	hematopoietic	HP_0001877	Abnormality of red blood cells	abnormality of red blood cells	False
292.11	Aphasia	aphasia	mental disorders	HP_0002381	Aphasia	aphasia	True
292.3	Memory loss	memory loss	mental disorders	HP_0002354	Memory loss	memory loss	False
292.6	Hallucinations	hallucinations	mental disorders	HP_0000738	Hallucinations	hallucinations	True
292.6	Hallucinations	hallucinations	mental disorders	HP_0006803	Vivid hallucinations	vivid hallucinations	True
292.6	Hallucinations	hallucinations	mental disorders	HP_0011160	Taste hallucinations	taste hallucinations	False
295.1	Schizophrenia	schizophrenia	mental disorders	HP_0100753	Schizophrenia	schizophrenia	True
295.3	Psychosis	psychosis	mental disorders	HP_0000709	Psychosis	psychosis	True
296.2	Depression	depression	mental disorders	HP_0000716	Depression	depression	True
296.2	Depression	depression	mental disorders	HP_0031594	PTa depression	pta depression	False
297.1	Suicidal ideation	suicidal ideation	mental disorders	HP_0031589	Suicidal ideation	suicidal ideation	True
302.1	Decreased libido	decreased libido	mental disorders	HP_0030018	Decreased female libido	decreased female libido	True
302.1	Decreased libido	decreased libido	mental disorders	HP_0046504	Decreased libido	decreased libido	True
302.1	Decreased libido	decreased libido	mental disorders	HP_0040306	Decreased male libido	decreased male libido	True
313.1	Attention deficit hyperactivity disorder	attention deficit hyperactivity disorder	mental disorders	HP_0007018	Attention deficit hyperactivity disorder	attention deficit hyperactivity disorder	True
313.3	Autism	autism	mental disorders	HP_0000717	Autism	autism	True
315.3	Mental retardation	mental retardation	mental disorders	HP_0001249	Mental retardation	mental retardation	False
315.3	Mental retardation	mental retardation	mental disorders	HP_0001256	Mild mental retardation	mild mental retardation	False
315.3	Mental retardation	mental retardation	mental disorders	HP_0010864	Mental retardation, severe	mental retardation severe	False
315.3	Mental retardation	mental retardation	mental disorders	HP_0010864	Severe mental retardation	severe mental retardation	False
317.1	Alcoholism	alcoholism	mental disorders	HP_0030955	Alcoholism	alcoholism	True
320	Meningitis	meningitis	neurological	HP_0001287	Meningitis	meningitis	True
320	Meningitis	meningitis	neurological	HP_0033508	EBV meningitis	ebv meningitis	True
323	Encephalitis	encephalitis	neurological	HP_0033509	EBV encephalitis	ebv encephalitis	True
327.1	Hypersomnia	hypersomnia	neurological	HP_0100786	Hypersomnia	hypersomnia	True
327.3	Sleep apnea	sleep apnea	neurological	HP_0010535	Sleep apnea	sleep apnea	True
327.32	Obstructive sleep apnea	obstructive sleep apnea	neurological	HP_0002870	Obstructive sleep apnea	obstructive sleep apnea	True
327.4	Insomnia	insomnia	neurological	HP_0100785	Insomnia	insomnia	True
327.5	Parasomnia	parasomnia	neurological	HP_0025234	Parasomnia	parasomnia	True
331.1	Hydrocephalus	hydrocephalus	neurological	HP_0000238	Hydrocephalus	hydrocephalus	True
331.9	Cerebral degeneration, unspecified	cerebral degeneration	neurological	HP_0007313	Cerebral degeneration	cerebral degeneration	True
333.1	Essential tremor	essential tremor	neurological	HP_0030186	Essential tremor	essential tremor	False
333.2	Myoclonus	myoclonus	neurological	HP_0001336	Myoclonus	myoclonus	True
333.4	Torsion dystonia	torsion dystonia	neurological	HP_0001304	Torsion dystonia	torsion dystonia	True
334.2	Anterior horn cell disease	anterior horn cell disease	neurological	HP_0006802	Anterior horn cell disease	anterior horn cell disease	False
334.21	Amyotrophic Lateral Sclerosis	amyotrophic lateral sclerosis	neurological	HP_0007354	Amyotrophic lateral sclerosis	amyotrophic lateral sclerosis	True
338	Pain	pain	neurological	HP_0012531	Pain	pain	True
338.2	Chronic pain	chronic pain	neurological	HP_0012532	Chronic pain	chronic pain	True
340	Migraine	migraine	neurological	HP_0002076	Migraine	migraine	True
342	Hemiplegia	hemiplegia	neurological	HP_0002301	Hemiplegia	hemiplegia	True
348.7	Coma	coma	neurological	HP_0001259	Coma	coma	True
350	Abnormal movement	abnormal movement	neurological	HP_0000496	Abnormal eye movement	abnormal eye movement	False
350	Abnormal movement	abnormal movement	neurological	HP_0031785	Abnormal eyelid movement	abnormal eyelid movement	True
350.1	Abnormal involuntary movements	abnormal involuntary movements	neurological	HP_0012547	Abnormal involuntary eye movements	abnormal involuntary eye movements	True
350.5	Abnormal reflex	abnormal reflex	neurological	HP_0031826	Abnormal reflex	abnormal reflex	True
359.2	Myopathy	myopathy	neurological	HP_0003198	Myopathy	myopathy	True
362.1	Retinopathy of prematurity	retinopathy of prematurity	sense organs	HP_0500049	Retinopathy of prematurity	retinopathy of prematurity	True
362.1	Retinopathy of prematurity	retinopathy of prematurity	sense organs	HP_0500050	Retinopathy of prematurity stage 1	retinopathy of prematurity stage 1	True
362.1	Retinopathy of prematurity	retinopathy of prematurity	sense organs	HP_0500051	Retinopathy of prematurity stage 2	retinopathy of prematurity stage 2	True
362.1	Retinopathy of prematurity	retinopathy of prematurity	sense organs	HP_0500052	Retinopathy of prematurity stage 3	retinopathy of prematurity stage 3	True
362.1	Retinopathy of prematurity	retinopathy of prematurity	sense organs	HP_0500053	Retinopathy of prematurity stage 4	retinopathy of prematurity stage 4	True
362.1	Retinopathy of prematurity	retinopathy of prematurity	sense organs	HP_0500054	Retinopathy of prematurity stage 4a	retinopathy of prematurity stage 4a	True
362.1	Retinopathy of prematurity	retinopathy of prematurity	sense organs	HP_0500055	Retinopathy of prematurity stage 4b	retinopathy of prematurity stage 4b	True
362.1	Retinopathy of prematurity	retinopathy of prematurity	sense organs	HP_0500056	Retinopathy of prematurity stage 5	retinopathy of prematurity stage 5	True
362.1	Retinopathy of prematurity	retinopathy of prematurity	sense organs	HP_0500057	Retinopathy of prematurity stage 5a	retinopathy of prematurity stage 5a	True
362.1	Retinopathy of prematurity	retinopathy of prematurity	sense organs	HP_0500058	Retinopathy of prematurity stage 5b	retinopathy of prematurity stage 5b	True
362.1	Retinopathy of prematurity	retinopathy of prematurity	sense organs	HP_0500059	Retinopathy of prematurity zone I	retinopathy of prematurity zone i	True
362.1	Retinopathy of prematurity	retinopathy of prematurity	sense organs	HP_0500060	Retinopathy of prematurity zone II	retinopathy of prematurity zone ii	True
362.1	Retinopathy of prematurity	retinopathy of prematurity	sense organs	HP_0500061	Retinopathy of prematurity zone III	retinopathy of prematurity zone iii	True
362.1	Retinopathy of prematurity	retinopathy of prematurity	sense organs	HP_0500062	Retinopathy of prematurity plus	retinopathy of prematurity plus	True
362.1	Retinopathy of prematurity	retinopathy of prematurity	sense organs	HP_0500063	Retinopathy of prematurity pre-plus	retinopathy of prematurity pre-plus	True
362.1	Retinopathy of prematurity	retinopathy of prematurity	sense organs	HP_0500064	Retinopathy of prematurity threshold	retinopathy of prematurity threshold	True
364.1	Corneal opacity	corneal opacity	sense organs	HP_0007957	Corneal opacity	corneal opacity	True
364.41	Keratoconus	keratoconus	sense organs	HP_0000563	Keratoconus	keratoconus	True
364.5	Corneal dystrophy	corneal dystrophy	sense organs	HP_0001131	Corneal dystrophy	corneal dystrophy	True
364.5	Corneal dystrophy	corneal dystrophy	sense organs	HP_0001149	Lattice corneal dystrophy	lattice corneal dystrophy	True
364.5	Corneal dystrophy	corneal dystrophy	sense organs	HP_0007827	Nodular corneal dystrophy	nodular corneal dystrophy	True
364.5	Corneal dystrophy	corneal dystrophy	sense organs	HP_0007836	Mosaic corneal dystrophy	mosaic corneal dystrophy	True
364.5	Corneal dystrophy	corneal dystrophy	sense organs	HP_0007881	Central corneal dystrophy	central corneal dystrophy	True
365	Glaucoma	glaucoma	sense organs	HP_0000501	Glaucoma	glaucoma	True
366	Cataract	cataract	sense organs	HP_0000518	Cataract	cataract	True
367.1	Myopia	myopia	sense organs	HP_0000545	Myopia	myopia	True
367.2	Astigmatism	astigmatism	sense organs	HP_0000483	Astigmatism	astigmatism	True
367.8	Hypermetropia	hypermetropia	sense organs	HP_0000540	Hypermetropia	hypermetropia	True
367.8	Hypermetropia	hypermetropia	sense organs	HP_0008499	High hypermetropia	high hypermetropia	True
367.8	Hypermetropia	hypermetropia	sense organs	HP_0031728	Mild hypermetropia	mild hypermetropia	True
368.1	Amblyopia	amblyopia	sense organs	HP_0000646	Amblyopia	amblyopia	True
368.3	Anisometropia	anisometropia	sense organs	HP_0012803	Anisometropia	anisometropia	True
368.4	Visual field defects	visual field defects	sense organs	HP_0001123	Visual field defects	visual field defects	False
370	Keratitis	keratitis	sense organs	HP_0000491	Keratitis	keratitis	True
370.1	Corneal ulcer	corneal ulcer	sense organs	HP_0012804	Corneal ulcer	corneal ulcer	False
370.3	Keratoconjunctivitis	keratoconjunctivitis	sense organs	HP_0001096	Keratoconjunctivitis	keratoconjunctivitis	True
370.3	Keratoconjunctivitis	keratoconjunctivitis	sense organs	HP_0001097	Keratoconjunctivitis sicca	keratoconjunctivitis sicca	True
370.31	Keratoconjunctivitis sicca	keratoconjunctivitis sicca	sense organs	HP_0001097	Keratoconjunctivitis sicca	keratoconjunctivitis sicca	True
371.21	Allergic conjunctivitis	allergic conjunctivitis	sense organs	HP_0007879	Allergic conjunctivitis	allergic conjunctivitis	True
371.3	Inflammation of eyelids	inflammation of eyelids	sense organs	HP_0000498	Inflammation of eyelids	inflammation of eyelids	False
374.6	Dermatochalasis	dermatochalasis	sense organs	HP_0010750	Dermatochalasis	dermatochalasis	True
375.1	Dry eyes	dry eyes	sense organs	HP_0001097	Dry eyes	dry eyes	False
375.2	Epiphora	epiphora	sense organs	HP_0009926	Epiphora	epiphora	True
377.1	Optic atrophy	optic atrophy	sense organs	HP_0000648	Optic atrophy	optic atrophy	True
377.1	Optic atrophy	optic atrophy	sense organs	HP_0000648	Optic nerve atrophy	optic nerve atrophy	False
377.1	Optic atrophy	optic atrophy	sense organs	HP_0001112	Leber optic atrophy	leber optic atrophy	True
378.5	Paralytic strabismus	paralytic strabismus	sense organs	HP_0031775	Paralytic strabismus	paralytic strabismus	False
380.1	Otitis externa	otitis externa	sense organs	HP_0410017	Otitis externa	otitis externa	True
380.4	Impacted cerumen	impacted cerumen	sense organs	HP_0030788	Impacted cerumen	impacted cerumen	True
381.1	Otitis media	otitis media	sense organs	HP_0000388	Otitis media	otitis media	True
382	Otalgia	otalgia	sense organs	HP_0030766	Otalgia	otalgia	False
383	Otosclerosis	otosclerosis	sense organs	HP_0000362	Otosclerosis	otosclerosis	True
385.3	Cholesteatoma	cholesteatoma	sense organs	HP_0009797	Cholesteatoma	cholesteatoma	True
389.1	Sensorineural hearing loss	sensorineural hearing loss	sense organs	HP_0000407	Hearing loss, sensorineural	hearing loss sensorineural	False
389.1	Sensorineural hearing loss	sensorineural hearing loss	sense organs	HP_0000407	Sensorineural hearing loss	sensorineural hearing loss	False
389.1	Sensorineural hearing loss	sensorineural hearing loss	sense organs	HP_0000408	Hearing loss, progressive sensorineural	hearing loss progressive sensorineural	False
389.1	Sensorineural hearing loss	sensorineural hearing loss	sense organs	HP_0000408	Hearing loss, sensorineural, progressive	hearing loss sensorineural progressive	False
389.1	Sensorineural hearing loss	sensorineural hearing loss	sense organs	HP_0000408	Sensorineural hearing loss, progressive	sensorineural hearing loss progressive	False
389.1	Sensorineural hearing loss	sensorineural hearing loss	sense organs	HP_0008527	Congenital sensorineural hearing loss	congenital sensorineural hearing loss	False
389.1	Sensorineural hearing loss	sensorineural hearing loss	sense organs	HP_0008527	Hearing loss, congenital sensorineural	hearing loss congenital sensorineural	False
389.1	Sensorineural hearing loss	sensorineural hearing loss	sense organs	HP_0008610	Infantile sensorineural hearing loss	infantile sensorineural hearing loss	False
389.1	Sensorineural hearing loss	sensorineural hearing loss	sense organs	HP_0008615	Late sensorineural hearing loss	late sensorineural hearing loss	False
389.1	Sensorineural hearing loss	sensorineural hearing loss	sense organs	HP_0008619	Bilateral sensorineural hearing loss	bilateral sensorineural hearing loss	False
389.1	Sensorineural hearing loss	sensorineural hearing loss	sense organs	HP_0008619	Hearing loss, sensorineural, bilateral	hearing loss sensorineural bilateral	False
389.1	Sensorineural hearing loss	sensorineural hearing loss	sense organs	HP_0008625	Severe sensorineural hearing loss	severe sensorineural hearing loss	False
389.2	Conductive hearing loss	conductive hearing loss	sense organs	HP_0000405	Conductive hearing loss	conductive hearing loss	False
389.2	Conductive hearing loss	conductive hearing loss	sense organs	HP_0000405	Hearing loss, conductive	hearing loss conductive	False
389.2	Conductive hearing loss	conductive hearing loss	sense organs	HP_0008513	Bilateral conductive hearing loss	bilateral conductive hearing loss	False
389.2	Conductive hearing loss	conductive hearing loss	sense organs	HP_0008591	Congenital conductive hearing loss	congenital conductive hearing loss	False
389.2	Conductive hearing loss	conductive hearing loss	sense organs	HP_0008598	Conductive hearing loss, mild	conductive hearing loss mild	False
389.2	Conductive hearing loss	conductive hearing loss	sense organs	HP_0012716	Conductive hearing loss, moderate	conductive hearing loss moderate	False
389.2	Conductive hearing loss	conductive hearing loss	sense organs	HP_0012717	Conductive hearing loss, severe	conductive hearing loss severe	False
389.4	Tinnitus	tinnitus	sense organs	HP_0000360	Tinnitus	tinnitus	True
401	Hypertension	hypertension	circulatory system	HP_0000822	Hypertension	hypertension	True
411.2	Myocardial infarction	myocardial infarction	circulatory system	HP_0001658	Myocardial infarction	myocardial infarction	True
411.3	Angina pectoris	angina pectoris	circulatory system	HP_0001681	Angina pectoris	angina pectoris	True
411.4	Coronary atherosclerosis	coronary atherosclerosis	circulatory system	HP_0001677	Coronary artery atherosclerosis	coronary artery atherosclerosis	True
411.4	Coronary atherosclerosis	coronary atherosclerosis	circulatory system	HP_0001677	Coronary atherosclerosis	coronary atherosclerosis	False
411.4	Coronary atherosclerosis	coronary atherosclerosis	circulatory system	HP_0004929	obsolete Coronary atherosclerosis	obsolete coronary atherosclerosis	True
416	Cardiomegaly	cardiomegaly	circulatory system	HP_0001640	Cardiomegaly	cardiomegaly	True
418.1	Precordial pain	precordial pain	circulatory system	HP_0032141	Precordial pain	precordial pain	True
420.1	Myocarditis	myocarditis	circulatory system	HP_0012819	Myocarditis	myocarditis	True
420.2	Pericarditis	pericarditis	circulatory system	HP_0001701	Pericarditis	pericarditis	True
420.3	Endocarditis	endocarditis	circulatory system	HP_0100584	Endocarditis	endocarditis	True
425	Cardiomyopathy	cardiomyopathy	circulatory system	HP_0001638	Cardiomyopathy	cardiomyopathy	True
426.3	Bundle branch block	bundle branch block	circulatory system	HP_0011713	Left bundle branch block	left bundle branch block	True
426.3	Bundle branch block	bundle branch block	circulatory system	HP_0011710	Bundle branch block	bundle branch block	True
426.3	Bundle branch block	bundle branch block	circulatory system	HP_0011712	Right bundle branch block	right bundle branch block	True
426.31	Right bundle branch block	right bundle branch block	circulatory system	HP_0011712	Right bundle branch block	right bundle branch block	True
426.32	Left bundle branch block	left bundle branch block	circulatory system	HP_0011713	Left bundle branch block	left bundle branch block	True
427.1	Paroxysmal tachycardia, unspecified	paroxysmal tachycardia	circulatory system	HP_0006671	Paroxysmal atrial tachycardia	paroxysmal atrial tachycardia	True
427.1	Paroxysmal tachycardia, unspecified	paroxysmal tachycardia	circulatory system	HP_0006688	Paroxysmal tachycardia	paroxysmal tachycardia	True
427.11	Paroxysmal supraventricular tachycardia	paroxysmal supraventricular tachycardia	circulatory system	HP_0004763	Paroxysmal supraventricular tachycardia	paroxysmal supraventricular tachycardia	True
427.12	Paroxysmal ventricular tachycardia	paroxysmal ventricular tachycardia	circulatory system	HP_0004751	Paroxysmal ventricular tachycardia	paroxysmal ventricular tachycardia	True
427.21	Atrial fibrillation	atrial fibrillation	circulatory system	HP_0005110	Atrial fibrillation	atrial fibrillation	True
427.22	Atrial flutter	atrial flutter	circulatory system	HP_0004749	Atrial flutter	atrial flutter	True
427.42	Cardiac arrest	cardiac arrest	circulatory system	HP_0001695	Cardiac arrest	cardiac arrest	True
427.5	Arrhythmia (cardiac) NOS	arrhythmia cardiac	circulatory system	HP_0011675	Cardiac arrhythmia	cardiac arrhythmia	False
427.61	Supraventricular premature beats	supraventricular premature beats	circulatory system	HP_0006699	Premature supraventricular beats	premature supraventricular beats	False
427.7	Tachycardia NOS	tachycardia	circulatory system	HP_0001649	Tachycardia	tachycardia	True
427.9	Palpitations	palpitations	circulatory system	HP_0001962	Palpitations	palpitations	True
428.2	Heart failure NOS	heart failure	circulatory system	HP_0001635	Heart failure	heart failure	False
430	Intracranial hemorrhage	intracranial hemorrhage	circulatory system	HP_0002170	Intracranial hemorrhage	intracranial hemorrhage	True
430	Intracranial hemorrhage	intracranial hemorrhage	circulatory system	HP_0002170	Intracranial haemorrhage	intracranial hemorrhage	False
430	Intracranial hemorrhage	intracranial hemorrhage	circulatory system	HP_0034208	Fetal intracranial hemorrhage	fetal intracranial hemorrhage	True
430.1	Subarachnoid hemorrhage	subarachnoid hemorrhage	circulatory system	HP_0002138	Subarachnoid hemorrhage	subarachnoid hemorrhage	True
430.1	Subarachnoid hemorrhage	subarachnoid hemorrhage	circulatory system	HP_0002138	Subarachnoid haemorrhage	subarachnoid hemorrhage	False
430.2	Intracerebral hemorrhage	intracerebral hemorrhage	circulatory system	HP_0001342	Intracerebral haemorrhage	intracerebral hemorrhage	False
430.2	Intracerebral hemorrhage	intracerebral hemorrhage	circulatory system	HP_0001342	Intracerebral hemorrhage	intracerebral hemorrhage	False
430.2	Intracerebral hemorrhage	intracerebral hemorrhage	circulatory system	HP_0007023	Antenatal intracerebral hemorrhage	antenatal intracerebral hemorrhage	True
430.2	Intracerebral hemorrhage	intracerebral hemorrhage	circulatory system	HP_0007023	Antenatal intracerebral haemorrhage	antenatal intracerebral hemorrhage	False
430.3	Subdural hemorrhage	subdural hemorrhage	circulatory system	HP_0100309	Subdural hemorrhage	subdural hemorrhage	True
430.3	Subdural hemorrhage	subdural hemorrhage	circulatory system	HP_0100309	Subdural haemorrhage	subdural hemorrhage	False
433.12	Cerebral atherosclerosis	cerebral atherosclerosis	circulatory system	HP_0007201	Cerebral artery atherosclerosis	cerebral artery atherosclerosis	True
433.3	Cerebral ischemia	cerebral ischemia	circulatory system	HP_0002637	Cerebral ischemia	cerebral ischemia	True
433.5	Cerebral aneurysm	cerebral aneurysm	circulatory system	HP_0007029	Cerebral berry aneurysm	cerebral berry aneurysm	True
440	Atherosclerosis	atherosclerosis	circulatory system	HP_0002621	Atherosclerosis	atherosclerosis	True
440.9	Atherosclerosis of aorta	atherosclerosis of aorta	circulatory system	HP_0012397	Atherosclerosis of the aorta	atherosclerosis of the aorta	False
442.1	Aortic aneurysm	aortic aneurysm	circulatory system	HP_0002616	Aortic root aneurysm	aortic root aneurysm	True
442.1	Aortic aneurysm	aortic aneurysm	circulatory system	HP_0004942	Aortic aneurysm	aortic aneurysm	True
442.1	Aortic aneurysm	aortic aneurysm	circulatory system	HP_0005113	Aortic arch aneurysm	aortic arch aneurysm	True
442.1	Aortic aneurysm	aortic aneurysm	circulatory system	HP_0011645	Aortic sinus aneurysm	aortic sinus aneurysm	False
442.11	Abdominal aortic aneurysm	abdominal aortic aneurysm	circulatory system	HP_0005112	Abdominal aortic aneurysm	abdominal aortic aneurysm	True
442.11	Abdominal aortic aneurysm	abdominal aortic aneurysm	circulatory system	HP_0031644	Fusiform abdominal aortic aneurysm	fusiform abdominal aortic aneurysm	True
442.11	Abdominal aortic aneurysm	abdominal aortic aneurysm	circulatory system	HP_0031645	Saccular abdominal aortic aneurysm	saccular abdominal aortic aneurysm	True
442.11	Abdominal aortic aneurysm	abdominal aortic aneurysm	circulatory system	HP_0031711	Asymmetric abdominal aortic aneurysm	asymmetric abdominal aortic aneurysm	True
442.4	Arterial dissection	arterial dissection	circulatory system	HP_0005294	Arterial dissection	arterial dissection	True
446.9	Arteritis NOS	arteritis	circulatory system	HP_0012089	Arteritis	arteritis	True
454	Varicose veins	varicose veins	circulatory system	HP_0002619	Varicose veins	varicose veins	True
455	Hemorrhoids	hemorrhoids	circulatory system	HP_0032551	Hemorrhoids	hemorrhoids	True
455	Hemorrhoids	hemorrhoids	circulatory system	HP_0032551	Haemorrhoids	hemorrhoids	False
458	Hypotension	hypotension	circulatory system	HP_0002615	Hypotension	hypotension	True
458.1	Orthostatic hypotension	orthostatic hypotension	circulatory system	HP_0001278	Orthostatic hypotension	orthostatic hypotension	True
458.9	Hypotension NOS	hypotension	circulatory system	HP_0002615	Hypotension	hypotension	True
459.1	Hemorrhage NOS	hemorrhage	circulatory system	HP_0002239	GI haemorrhage	gi hemorrhage	False
459.1	Hemorrhage NOS	hemorrhage	circulatory system	HP_0002239	GI hemorrhage	gi hemorrhage	False
464	Acute sinusitis	acute sinusitis	respiratory	HP_0000255	Acute sinusitis	acute sinusitis	True
471	Nasal polyps	nasal polyps	respiratory	HP_0100582	Nasal polyps	nasal polyps	False
475	Chronic sinusitis	chronic sinusitis	respiratory	HP_0011109	Chronic sinusitis	chronic sinusitis	True
476	Allergic rhinitis	allergic rhinitis	respiratory	HP_0003193	Allergic rhinitis	allergic rhinitis	True
478	Throat pain	throat pain	respiratory	HP_0033050	Throat pain	throat pain	False
480	Pneumonia	pneumonia	respiratory	HP_0002090	Pneumonia	pneumonia	True
495	Asthma	asthma	respiratory	HP_0002099	Asthma	asthma	True
496.1	Emphysema	emphysema	respiratory	HP_0002097	Emphysema	emphysema	True
496.2	Chronic bronchitis	chronic bronchitis	respiratory	HP_0004469	Chronic bronchitis	chronic bronchitis	True
496.3	Bronchiectasis	bronchiectasis	respiratory	HP_0002110	Bronchiectasis	bronchiectasis	True
497	Bronchitis	bronchitis	respiratory	HP_0012387	Bronchitis	bronchitis	True
509.1	Respiratory failure	respiratory failure	respiratory	HP_0002878	Respiratory failure	respiratory failure	True
509.2	Respiratory insufficiency	respiratory insufficiency	respiratory	HP_0002091	Restrictive respiratory insufficiency	restrictive respiratory insufficiency	False
509.2	Respiratory insufficiency	respiratory insufficiency	respiratory	HP_0002093	Respiratory insufficiency	respiratory insufficiency	True
509.5	Respiratory arrest	respiratory arrest	respiratory	HP_0005943	Respiratory arrest	respiratory arrest	True
512.1	Wheezing	wheezing	respiratory	HP_0030828	Wheezing	wheezing	True
512.7	Shortness of breath	shortness of breath	respiratory	HP_0002094	Shortness of breath	shortness of breath	False
512.7	Shortness of breath	shortness of breath	respiratory	HP_0033710	Shortness of breath at rest	shortness of breath at rest	False
512.8	Cough	cough	respiratory	HP_0012735	Cough	cough	True
513.3	Hypoventilation	hypoventilation	respiratory	HP_0002791	Hypoventilation	hypoventilation	True
513.31	Apnea	apnea	respiratory	HP_0002104	Apnea	apnea	True
513.32	Orthopnea	orthopnea	respiratory	HP_0012764	Orthopnea	orthopnea	True
513.4	Hyperventilation	hyperventilation	respiratory	HP_0002883	Hyperventilation	hyperventilation	True
516	Abnormal sputum	abnormal sputum	respiratory	HP_0032016	Abnormal sputum	abnormal sputum	True
516.1	Hemoptysis	hemoptysis	respiratory	HP_0002105	Hemoptysis	hemoptysis	True
521.1	Dental caries	dental caries	digestive	HP_0000670	Dental caries	dental caries	False
521.1	Dental caries	dental caries	digestive	HP_0000670	Early dental caries	early dental caries	False
522.5	Periapical abscess	periapical abscess	digestive	HP_0030758	Periapical tooth abscess	periapical tooth abscess	True
523.1	Gingivitis	gingivitis	digestive	HP_0000230	Gingivitis	gingivitis	True
529.1	Glossitis	glossitis	digestive	HP_0000206	Glossitis	glossitis	True
530.11	GERD	gerd	digestive	HP_0002020	GERD	gerd	False
530.13	Barrett's esophagus	barretts esophagus	digestive	HP_0100580	Barrett's esophagus	barretts esophagus	False
530.13	Barrett's esophagus	barretts esophagus	digestive	HP_0100580	Barrett's oesophagus	barretts esophagus	False
530.15	Eosinophilic esophagitis	eosinophilic esophagitis	digestive	HP_0410151	Eosinophilic esophagitis	eosinophilic esophagitis	False
530.9	Heartburn	heartburn	digestive	HP_0002020	Heartburn	heartburn	False
531.2	Gastric ulcer	gastric ulcer	digestive	HP_0002592	Gastric ulcer	gastric ulcer	True
531.3	Duodenal ulcer	duodenal ulcer	digestive	HP_0002588	Duodenal ulcer	duodenal ulcer	True
532	Dysphagia	dysphagia	digestive	HP_0002015	Dysphagia	dysphagia	True
535.2	Atrophic gastritis	atrophic gastritis	digestive	HP_0002582	Atrophic gastritis	atrophic gastritis	True
535.2	Atrophic gastritis	atrophic gastritis	digestive	HP_0002582	Chronic atrophic gastritis	chronic atrophic gastritis	False
535.6	Duodenitis	duodenitis	digestive	HP_0033117	Duodenitis	duodenitis	True
536.3	Gastroparesis	gastroparesis	digestive	HP_0002578	Gastroparesis	gastroparesis	True
550.1	Inguinal hernia	inguinal hernia	digestive	HP_0000023	Inguinal hernia	inguinal hernia	True
550.2	Diaphragmatic hernia	diaphragmatic hernia	digestive	HP_0000776	Diaphragmatic hernia	diaphragmatic hernia	False
550.2	Diaphragmatic hernia	diaphragmatic hernia	digestive	HP_0009112	Left diaphragmatic hernia	left diaphragmatic hernia	False
550.2	Diaphragmatic hernia	diaphragmatic hernia	digestive	HP_0025194	Morgagni diaphragmatic hernia	morgagni diaphragmatic hernia	True
550.2	Diaphragmatic hernia	diaphragmatic hernia	digestive	HP_0025195	Central diaphragmatic hernia	central diaphragmatic hernia	True
550.2	Diaphragmatic hernia	diaphragmatic hernia	digestive	HP_0032592	Right diaphragmatic hernia	right diaphragmatic hernia	False
550.3	Femoral hernia	femoral hernia	digestive	HP_0100541	Femoral hernia	femoral hernia	True
550.4	Umbilical hernia	umbilical hernia	digestive	HP_0001537	Umbilical hernia	umbilical hernia	True
550.5	Ventral hernia	ventral hernia	digestive	HP_0002933	Ventral hernia	ventral hernia	True
550.6	Incisional hernia	incisional hernia	digestive	HP_0004872	Incisional hernia	incisional hernia	True
555.2	Ulcerative colitis	ulcerative colitis	digestive	HP_0100279	Ulcerative colitis	ulcerative colitis	True
557.1	Celiac disease	celiac disease	digestive	HP_0002608	Celiac disease	celiac disease	True
560.1	Paralytic ileus	paralytic ileus	digestive	HP_0002590	Paralytic ileus	paralytic ileus	True
561.1	Diarrhea	diarrhea	digestive	HP_0002014	Diarrhea	diarrhea	True
561.1	Diarrhea	diarrhea	digestive	HP_0002014	Diarrhoea	diarrhea	False
561.2	Flatulence	flatulence	digestive	HP_0033589	Flatulence	flatulence	True
562.1	Diverticulosis	diverticulosis	digestive	HP_0005222	Bowel diverticulosis	bowel diverticulosis	True
563	Constipation	constipation	digestive	HP_0002019	Constipation	constipation	True
571.81	Portal hypertension	portal hypertension	digestive	HP_0001409	Portal hypertension	portal hypertension	True
573.3	Hepatomegaly	hepatomegaly	digestive	HP_0002240	Hepatomegaly	hepatomegaly	True
574.1	Cholelithiasis	cholelithiasis	digestive	HP_0001081	Cholelithiasis	cholelithiasis	True
575.1	Cholangitis	cholangitis	digestive	HP_0030151	Cholangitis	cholangitis	True
577.1	Acute pancreatitis	acute pancreatitis	digestive	HP_0001735	Acute pancreatitis	acute pancreatitis	True
577.1	Acute pancreatitis	acute pancreatitis	digestive	HP_0001735	Pancreatitis, acute	pancreatitis acute	False
577.2	Chronic pancreatitis	chronic pancreatitis	digestive	HP_0006280	Chronic pancreatitis	chronic pancreatitis	True
578	Gastrointestinal hemorrhage	gastrointestinal hemorrhage	digestive	HP_0002239	Gastrointestinal hemorrhage	gastrointestinal hemorrhage	True
578	Gastrointestinal hemorrhage	gastrointestinal hemorrhage	digestive	HP_0002239	Gastrointestinal haemorrhage	gastrointestinal hemorrhage	False
578.1	Hematemesis	hematemesis	digestive	HP_0002248	Hematemesis	hematemesis	True
579.2	Splenomegaly	splenomegaly	digestive	HP_0001744	Splenomegaly	splenomegaly	True
580.1	Glomerulonephritis	glomerulonephritis	genitourinary	HP_0000099	Glomerulonephritis	glomerulonephritis	True
585	Renal failure	renal failure	genitourinary	HP_0000083	Renal failure	renal failure	False
585	Renal failure	renal failure	genitourinary	HP_0001919	Acute renal failure	acute renal failure	False
585.1	Acute renal failure	acute renal failure	genitourinary	HP_0001919	Acute renal failure	acute renal failure	False
585.2	Renal failure NOS	renal failure	genitourinary	HP_0000083	Renal failure	renal failure	False
585.2	Renal failure NOS	renal failure	genitourinary	HP_0001919	Acute renal failure	acute renal failure	False
585.32	End stage renal disease	end stage renal disease	genitourinary	HP_0003774	End stage renal disease	end stage renal disease	False
586.12	Vesicoureteral reflux	vesicoureteral reflux	genitourinary	HP_0000076	Vesicoureteral reflux	vesicoureteral reflux	True
586.12	Vesicoureteral reflux	vesicoureteral reflux	genitourinary	HP_0033733	Low-grade vesicoureteral reflux	low-grade vesicoureteral reflux	True
586.12	Vesicoureteral reflux	vesicoureteral reflux	genitourinary	HP_0033735	Grade I vesicoureteral reflux	grade i vesicoureteral reflux	True
586.12	Vesicoureteral reflux	vesicoureteral reflux	genitourinary	HP_0033736	Grade II vesicoureteral reflux	grade ii vesicoureteral reflux	True
586.12	Vesicoureteral reflux	vesicoureteral reflux	genitourinary	HP_0033737	Grade III vesicoureteral reflux	grade iii vesicoureteral reflux	True
586.12	Vesicoureteral reflux	vesicoureteral reflux	genitourinary	HP_0033738	Primary vesicoureteral reflux	primary vesicoureteral reflux	True
586.12	Vesicoureteral reflux	vesicoureteral reflux	genitourinary	HP_0033739	Secondary vesicoureteral reflux	secondary vesicoureteral reflux	True
586.12	Vesicoureteral reflux	vesicoureteral reflux	genitourinary	HP_0033740	Grade V vesicoureteral reflux	grade v vesicoureteral reflux	True
586.12	Vesicoureteral reflux	vesicoureteral reflux	genitourinary	HP_0033741	Grade IV vesicoureteral reflux	grade iv vesicoureteral reflux	True
590	Pyelonephritis	pyelonephritis	genitourinary	HP_0012330	Pyelonephritis	pyelonephritis	True
593	Hematuria	hematuria	genitourinary	HP_0000790	Hematuria	hematuria	True
593.1	Gross hematuria	gross hematuria	genitourinary	HP_0012587	Gross hematuria	gross hematuria	False
593.2	Microscopic hematuria	microscopic hematuria	genitourinary	HP_0002907	Microscopic hematuria	microscopic hematuria	True
595	Hydronephrosis	hydronephrosis	genitourinary	HP_0000126	Hydronephrosis	hydronephrosis	True
599.3	Dysuria	dysuria	genitourinary	HP_0100518	Dysuria	dysuria	True
599.4	Urinary incontinence	urinary incontinence	genitourinary	HP_0000020	Urinary incontinence	urinary incontinence	True
599.4	Urinary incontinence	urinary incontinence	genitourinary	HP_0010992	Stress urinary incontinence	stress urinary incontinence	True
601.1	Prostatitis	prostatitis	genitourinary	HP_0000024	Prostatitis	prostatitis	True
603.2	Spermatocele	spermatocele	genitourinary	HP_0033808	Spermatocele	spermatocele	True
609.1	Infertility, male	infertility male	genitourinary	HP_0003251	Male infertility	male infertility	True
610.2	Fibroadenosis of breast	fibroadenosis of breast	genitourinary	HP_0010619	Fibroadenosis of breast	fibroadenosis of breast	False
612.1	Galactorrhea	galactorrhea	genitourinary	HP_0100829	Galactorrhea	galactorrhea	True
615	Endometriosis	endometriosis	genitourinary	HP_0030127	Endometriosis	endometriosis	True
625.1	Dyspareunia	dyspareunia	genitourinary	HP_0030016	Dyspareunia	dyspareunia	True
626.2	Dysmenorrhea	dysmenorrhea	genitourinary	HP_0100607	Dysmenorrhea	dysmenorrhea	True
626.8	Infertility, female	infertility female	genitourinary	HP_0008222	Female infertility	female infertility	True
627.1	Postmenopausal bleeding	postmenopausal bleeding	genitourinary	HP_0033840	Postmenopausal bleeding	postmenopausal bleeding	True
628	Ovarian cyst	ovarian cyst	genitourinary	HP_0000138	Ovarian cyst	ovarian cyst	True
634.3	Ectopic pregnancy	ectopic pregnancy	pregnancy complications	HP_0031456	Ectopic pregnancy	ectopic pregnancy	True
643.1	Hyperemesis gravidarum	hyperemesis gravidarum	pregnancy complications	HP_0012188	Hyperemesis gravidarum	hyperemesis gravidarum	True
686.3	Pilonidal cyst	pilonidal cyst	dermatologic	HP_0010769	Pilonidal cyst	pilonidal cyst	False
686.5	Pyoderma	pyoderma	dermatologic	HP_0000999	Pyoderma	pyoderma	True
690.1	Seborrheic dermatitis	seborrheic dermatitis	dermatologic	HP_0001051	Seborrheic dermatitis	seborrheic dermatitis	True
694.1	Vitiligo	vitiligo	dermatologic	HP_0001045	Vitiligo	vitiligo	True
695.42	Systemic lupus erythematosus	systemic lupus erythematosus	dermatologic	HP_0002725	Systemic lupus erythematosus	systemic lupus erythematosus	True
695.81	Erythema nodosum	erythema nodosum	dermatologic	HP_0012219	Erythema nodosum	erythema nodosum	True
696.4	Psoriasis	psoriasis	dermatologic	HP_0003765	Psoriasis	psoriasis	False
702.1	Actinic keratosis	actinic keratosis	dermatologic	HP_0025127	Actinic keratosis	actinic keratosis	True
702.2	Seborrheic keratosis	seborrheic keratosis	dermatologic	HP_0031287	Seborrheic keratosis	seborrheic keratosis	True
704.1	Alopecia	alopecia	dermatologic	HP_0001596	Alopecia	alopecia	True
704.11	Alopecia Areata	alopecia areata	dermatologic	HP_0002232	Alopecia areata	alopecia areata	False
704.12	Telogen effluvium	telogen effluvium	dermatologic	HP_0025470	Telogen effluvium	telogen effluvium	True
704.2	Hirsutism	hirsutism	dermatologic	HP_0001007	Hirsutism	hirsutism	True
705.8	Hyperhidrosis	hyperhidrosis	dermatologic	HP_0000975	Hyperhidrosis	hyperhidrosis	True
706.1	Acne	acne	dermatologic	HP_0001061	Acne	acne	True
706.3	Seborrhea	seborrhea	dermatologic	HP_0001051	Seborrhea	seborrhea	False
707.1	Decubitus ulcer	decubitus ulcer	dermatologic	HP_0012399	Decubitus Ulcer	decubitus ulcer	False
710.1	Osteomyelitis	osteomyelitis	musculoskeletal	HP_0001886	Foot osteomyelitis	foot osteomyelitis	True
710.1	Osteomyelitis	osteomyelitis	musculoskeletal	HP_0002754	Osteomyelitis	osteomyelitis	True
710.19	Unspecified osteomyelitis	osteomyelitis	musculoskeletal	HP_0001886	Foot osteomyelitis	foot osteomyelitis	True
710.19	Unspecified osteomyelitis	osteomyelitis	musculoskeletal	HP_0002754	Osteomyelitis	osteomyelitis	True
710.2	Periostitis	periostitis	musculoskeletal	HP_0040165	Periostitis	periostitis	True
714.1	Rheumatoid arthritis	rheumatoid arthritis	musculoskeletal	HP_0001370	Rheumatoid arthritis	rheumatoid arthritis	True
714.1	Rheumatoid arthritis	rheumatoid arthritis	musculoskeletal	HP_0005681	Juvenile rheumatoid arthritis	juvenile rheumatoid arthritis	True
714.1	Rheumatoid arthritis	rheumatoid arthritis	musculoskeletal	HP_0005681	Rheumatoid arthritis, juvenile	rheumatoid arthritis juvenile	False
714.2	Juvenile rheumatoid arthritis	juvenile rheumatoid arthritis	musculoskeletal	HP_0005681	Juvenile rheumatoid arthritis	juvenile rheumatoid arthritis	True
714.2	Juvenile rheumatoid arthritis	juvenile rheumatoid arthritis	musculoskeletal	HP_0005681	Rheumatoid arthritis, juvenile	rheumatoid arthritis juvenile	False
716.9	Arthropathy NOS	arthropathy	musculoskeletal	HP_0003040	Arthropathy	arthropathy	True
720	Spinal stenosis	spinal stenosis	musculoskeletal	HP_0003416	Spinal canal stenosis	spinal canal stenosis	True
720	Spinal stenosis	spinal stenosis	musculoskeletal	HP_0003416	Spinal stenosis	spinal stenosis	False
720	Spinal stenosis	spinal stenosis	musculoskeletal	HP_0004610	Lumbar spinal stenosis	lumbar spinal stenosis	False
722.3	Schmorl's nodes	schmorls nodes	musculoskeletal	HP_0030041	Schmorl's nodes	schmorls nodes	False
723.1	Torticollis	torticollis	musculoskeletal	HP_0000473	Torticollis	torticollis	True
726.3	Bursitis	bursitis	musculoskeletal	HP_0025232	Bursitis	bursitis	True
728.7	Fasciitis	fasciitis	musculoskeletal	HP_0100537	Fasciitis	fasciitis	True
729.3	Panniculitis	panniculitis	musculoskeletal	HP_0012490	Panniculitis	panniculitis	True
732.7	Osteochondritis dissecans	osteochondritis dissecans	musculoskeletal	HP_0010886	Osteochondritis dissecans	osteochondritis dissecans	True
735.1	Flat foot	flat foot	musculoskeletal	HP_0001763	Flat foot	flat foot	False
735.23	Hallux rigidus	hallux rigidus	musculoskeletal	HP_0025004	Hallux rigidus	hallux rigidus	True
737	Curvature of spine	curvature of spine	musculoskeletal	HP_0010674	Curvature of spine	curvature of spine	False
739	Contracture of joint	contracture of joint	musculoskeletal	HP_0002987	Contracture of elbow joint	contracture of elbow joint	False
739	Contracture of joint	contracture of joint	musculoskeletal	HP_0009473	Joint contracture of the hand	joint contracture of the hand	True
741.3	Difficulty in walking	difficulty in walking	musculoskeletal	HP_0002355	Difficulty in walking	difficulty in walking	False
741.5	Hemarthrosis	hemarthrosis	musculoskeletal	HP_0005261	Hemarthrosis	hemarthrosis	False
743.1	Osteoporosis	osteoporosis	musculoskeletal	HP_0000939	Osteoporosis	osteoporosis	True
743.11	Osteoporosis NOS	osteoporosis	musculoskeletal	HP_0000939	Osteoporosis	osteoporosis	True
743.2	Pathologic fracture	pathologic fracture	musculoskeletal	HP_0002756	Pathologic fracture	pathologic fracture	True
749.1	Cleft palate	cleft palate	congenital anomalies	HP_0000175	Cleft palate	cleft palate	True
749.1	Cleft palate	cleft palate	congenital anomalies	HP_0000175	Cleft of palate	cleft of palate	False
749.1	Cleft palate	cleft palate	congenital anomalies	HP_0000185	Cleft soft palate	cleft soft palate	True
749.1	Cleft palate	cleft palate	congenital anomalies	HP_0410005	Cleft hard palate	cleft hard palate	True
749.1	Cleft palate	cleft palate	congenital anomalies	HP_0410005	Cleft bony palate	cleft bony palate	False
752.11	Spina bifida	spina bifida	congenital anomalies	HP_0002414	Spina bifida	spina bifida	True
756.21	Pectus excavatum	pectus excavatum	congenital anomalies	HP_0000767	Pectus excavatum	pectus excavatum	True
756.22	Pectus carinatum	pectus carinatum	congenital anomalies	HP_0000768	Pectus carinatum	pectus carinatum	True
760	Back pain	back pain	symptoms	HP_0003418	Back pain	back pain	True
760	Back pain	back pain	symptoms	HP_0003419	Low back pain	low back pain	True
764	Sciatica	sciatica	symptoms	HP_0011868	Sciatica	sciatica	True
772.3	Muscle weakness	muscle weakness	symptoms	HP_0000467	Neck muscle weakness	neck muscle weakness	True
772.3	Muscle weakness	muscle weakness	symptoms	HP_0001324	Muscle weakness	muscle weakness	True
772.3	Muscle weakness	muscle weakness	symptoms	HP_0001283	Bulbar muscle weakness	bulbar muscle weakness	False
772.3	Muscle weakness	muscle weakness	symptoms	HP_0002460	Distal muscle weakness	distal muscle weakness	True
772.3	Muscle weakness	muscle weakness	symptoms	HP_0002460	Muscle weakness, distal	muscle weakness distal	False
772.3	Muscle weakness	muscle weakness	symptoms	HP_0003327	Axial muscle weakness	axial muscle weakness	True
772.3	Muscle weakness	muscle weakness	symptoms	HP_0003427	Thenar muscle weakness	thenar muscle weakness	True
772.3	Muscle weakness	muscle weakness	symptoms	HP_0030237	Hand muscle weakness	hand muscle weakness	True
772.3	Muscle weakness	muscle weakness	symptoms	HP_0003690	Limb muscle weakness	limb muscle weakness	True
772.3	Muscle weakness	muscle weakness	symptoms	HP_0030319	Facial muscle weakness	facial muscle weakness	False
772.4	Rhabdomyolysis	rhabdomyolysis	symptoms	HP_0003201	Rhabdomyolysis	rhabdomyolysis	True
772.4	Rhabdomyolysis	rhabdomyolysis	symptoms	HP_0008942	Acute rhabdomyolysis	acute rhabdomyolysis	True
772.4	Rhabdomyolysis	rhabdomyolysis	symptoms	HP_0008942	Rhabdomyolysis, acute	rhabdomyolysis acute	False
772.6	Facial weakness	facial weakness	symptoms	HP_0030319	Facial muscle weakness	facial muscle weakness	False
772.6	Facial weakness	facial weakness	symptoms	HP_0030319	Facial weakness	facial weakness	False
782.3	Edema	edema	symptoms	HP_0000969	Edema	edema	True
785	Abdominal pain	abdominal pain	symptoms	HP_0002027	Abdominal pain	abdominal pain	True
785	Abdominal pain	abdominal pain	symptoms	HP_0033400	Acute abdominal pain	acute abdominal pain	False
789	Nausea and vomiting	nausea and vomiting	symptoms	HP_0002017	Nausea and vomiting	nausea and vomiting	True
790.1	Elevated sedimentation rate	elevated sedimentation rate	symptoms	HP_0003565	Elevated erythrocyte sedimentation rate	elevated erythrocyte sedimentation rate	True
790.1	Elevated sedimentation rate	elevated sedimentation rate	symptoms	HP_0003565	Elevated sedimentation rate	elevated sedimentation rate	False
791	Gangrene	gangrene	symptoms	HP_0100758	Gangrene	gangrene	True
797	Shock	shock	symptoms	HP_0031273	Shock	shock	True
797.1	Cardiogenic shock	cardiogenic shock	symptoms	HP_0030149	Cardiogenic shock	cardiogenic shock	True
803.1	Fracture of humerus	fracture of humerus	injuries & poisonings	HP_0041055	Fracture of the humerus	fracture of the humerus	False
830	Dislocation	dislocation	injuries & poisonings	HP_0001083	Lens dislocation	lens dislocation	False
830	Dislocation	dislocation	injuries & poisonings	HP_0002827	Hip dislocation	hip dislocation	True
830	Dislocation	dislocation	injuries & poisonings	HP_0004976	Knee dislocation	knee dislocation	True
911	Blister	blister	injuries & poisonings	HP_0008066	Blister	blister	False
946	Anaphylactic shock NOS	anaphylactic shock	injuries & poisonings	HP_0100845	Anaphylactic shock	anaphylactic shock	True
947	Urticaria	urticaria	dermatologic	HP_0001025	Urticaria	urticaria	True
994.2	Sepsis	sepsis	injuries & poisonings	HP_0100806	Sepsis	sepsis	True
